<?xml version="1.0" encoding="UTF-8"?>
<project-private xmlns="http://www.netbeans.org/ns/project-private/1">
    <editor-bookmarks xmlns="http://www.netbeans.org/ns/editor-bookmarks/2" lastBookmarkId="0"/>
    <open-files xmlns="http://www.netbeans.org/ns/projectui-open-files/2">
        <group>
            <file>file:/C:/Users/Fujitsu/Desktop/Lab9OOPs/Lab9_AssignmentQ2/src/lab9_assignmentq2/CustomStringTokenizer.java</file>
            <file>file:/C:/Users/Fujitsu/Desktop/Lab9OOPs/Lab9_AssignmentQ2/src/lab9_assignmentq2/lab9_assignmentq2_Runner.java</file>
        </group>
    </open-files>
</project-private>
