<?xml version="1.0" encoding="UTF-8"?>
<project-private xmlns="http://www.netbeans.org/ns/project-private/1">
    <editor-bookmarks xmlns="http://www.netbeans.org/ns/editor-bookmarks/2" lastBookmarkId="0"/>
    <open-files xmlns="http://www.netbeans.org/ns/projectui-open-files/2">
        <group>
            <file>file:/C:/Users/Fujitsu/Desktop/Lab9OOPs/Lab9_AssignmentQ1/src/lab9_assignmentq1/lab9_assignmentq1_Runner.java</file>
            <file>file:/C:/Users/Fujitsu/Desktop/Lab9OOPs/Lab9_AssignmentQ1/src/lab9_assignmentq1/ClockExtended.java</file>
            <file>file:/C:/Users/Fujitsu/Desktop/Lab9OOPs/Lab9_AssignmentQ1/src/lab9_assignmentq1/Clock.java</file>
        </group>
    </open-files>
</project-private>
