<?xml version="1.0" encoding="UTF-8"?>
<project-private xmlns="http://www.netbeans.org/ns/project-private/1">
    <editor-bookmarks xmlns="http://www.netbeans.org/ns/editor-bookmarks/2" lastBookmarkId="0"/>
    <open-files xmlns="http://www.netbeans.org/ns/projectui-open-files/2">
        <group>
            <file>file:/C:/Users/Fujitsu/Desktop/Lab9OOPs/Lab9_HomeActivity1/src/lab9_homeactivity1/Movie.java</file>
            <file>file:/C:/Users/Fujitsu/Desktop/Lab9OOPs/Lab9_HomeActivity1/src/lab9_homeactivity1/lab9_homeactivity1_Runner.java</file>
            <file>file:/C:/Users/Fujitsu/Desktop/Lab9OOPs/Lab9_HomeActivity1/src/lab9_homeactivity1/Comedy.java</file>
            <file>file:/C:/Users/Fujitsu/Desktop/Lab9OOPs/Lab9_HomeActivity1/src/lab9_homeactivity1/Drama.java</file>
            <file>file:/C:/Users/Fujitsu/Desktop/Lab9OOPs/Lab9_HomeActivity1/src/lab9_homeactivity1/Action.java</file>
        </group>
    </open-files>
</project-private>
