<?xml version="1.0" encoding="UTF-8"?>
<project-private xmlns="http://www.netbeans.org/ns/project-private/1">
    <editor-bookmarks xmlns="http://www.netbeans.org/ns/editor-bookmarks/2" lastBookmarkId="0"/>
    <open-files xmlns="http://www.netbeans.org/ns/projectui-open-files/2">
        <group>
            <file>file:/C:/Users/Fujitsu/Desktop/Lab9OOPs/Lab9_AssignmentQ3/src/lab9_assignmentq3/PhdStudent.java</file>
            <file>file:/C:/Users/Fujitsu/Desktop/Lab9OOPs/Lab9_AssignmentQ3/src/lab9_assignmentq3/Student.java</file>
            <file>file:/C:/Users/Fujitsu/Desktop/Lab9OOPs/Lab9_AssignmentQ3/src/lab9_assignmentq3/lab9_assignmentq3_Runner.java</file>
            <file>file:/C:/Users/Fujitsu/Desktop/Lab9OOPs/Lab9_AssignmentQ3/src/lab9_assignmentq3/GradStudent.java</file>
        </group>
    </open-files>
</project-private>
